{
	"BUILD_DIR" : "C:/Users/ayman/Desktop/Programming/OOP/Vole-Machine-Simulator/GUI/build/Desktop_Qt_6_8_0_MinGW_64_bit-Release/VoleMachine_autogen",
	"CMAKE_BINARY_DIR" : "C:/Users/ayman/Desktop/Programming/OOP/Vole-Machine-Simulator/GUI/build/Desktop_Qt_6_8_0_MinGW_64_bit-Release",
	"CMAKE_CURRENT_BINARY_DIR" : "C:/Users/ayman/Desktop/Programming/OOP/Vole-Machine-Simulator/GUI/build/Desktop_Qt_6_8_0_MinGW_64_bit-Release",
	"CMAKE_CURRENT_SOURCE_DIR" : "C:/Users/ayman/Desktop/Programming/OOP/Vole-Machine-Simulator/GUI",
	"CMAKE_SOURCE_DIR" : "C:/Users/ayman/Desktop/Programming/OOP/Vole-Machine-Simulator/GUI",
	"CROSS_CONFIG" : false,
	"GENERATOR" : "Ninja",
	"INCLUDE_DIR" : "C:/Users/ayman/Desktop/Programming/OOP/Vole-Machine-Simulator/GUI/build/Desktop_Qt_6_8_0_MinGW_64_bit-Release/VoleMachine_autogen/include",
	"INPUTS" : [],
	"LOCK_FILE" : "C:/Users/ayman/Desktop/Programming/OOP/Vole-Machine-Simulator/GUI/build/Desktop_Qt_6_8_0_MinGW_64_bit-Release/CMakeFiles/VoleMachine_autogen.dir/AutoRcc_icons_EWIEGA46WW_Lock.lock",
	"MULTI_CONFIG" : false,
	"OPTIONS" : [ "--no-zstd", "-name", "icons" ],
	"OUTPUT_CHECKSUM" : "EWIEGA46WW",
	"OUTPUT_NAME" : "qrc_icons.cpp",
	"RCC_EXECUTABLE" : "C:/Qt/6.8.0/mingw_64/bin/rcc.exe",
	"RCC_LIST_OPTIONS" : [ "--list" ],
	"SETTINGS_FILE" : "C:/Users/ayman/Desktop/Programming/OOP/Vole-Machine-Simulator/GUI/build/Desktop_Qt_6_8_0_MinGW_64_bit-Release/CMakeFiles/VoleMachine_autogen.dir/AutoRcc_icons_EWIEGA46WW_Used.txt",
	"SOURCE" : "C:/Users/ayman/Desktop/Programming/OOP/Vole-Machine-Simulator/GUI/icons.qrc",
	"USE_BETTER_GRAPH" : true,
	"VERBOSITY" : 0
}
